Release ready	Preferred Edition y/n	Next Steps	Ready for e-text Cleanup	Text Title Classification	Category	Tibetan translation (Derge no. acc. to Tohoku catalogue no.)	Published y/N	In Isaacson Sferra	Part Published	Editors/Date	Have PDF y/N	Have OCR y/N	Have Etext/source of input	Mitra etext in repository	Compared y/N	comments	pdf url	ocr url	pdf url #2	etext PDSz url	ok to release e-text from PDSz (after some tidying)?	e-text edit Kengo Hariomoto	pdf url #3	etext J-Schott url	other copies
no	PDSz			Avikalpapraveśadhāraṇī	kriyā	142	y		y	[check: Ueyama, 1983?]		n	y						https://drive.google.com/file/d/1uKv6cwMv66hHORDEvd_85bK3D1xRFSd1/view?usp=share_link	no, trace source first
no	N			Mañjuśrīnāmasaṃgīti	yoga (reinterpreted later as anuttara)	360	y	y	complete	Minaev, 1887	y	y				https://drive.google.com/file/d/1IvoU2vf3prAtj6Y74fLK4ClvQlPymZUM/view?usp=share_link	GDrive link
no				Mañjuśrīnāmasaṃgīti	yoga (reinterpreted later as anuttara)	360	y	y	complete	Mukherji, 1963	y	n				https://drive.google.com/file/d/1KPo-bdK-fsHrP3np40SP4tJ8hBx4RtEI/view?usp=share_link	GDrive link
no				Mañjuśrīnāmasaṃgīti	yoga (reinterpreted later as anuttara)	360	y	y	complete	Raghu Vira, 1966	y	y				https://drive.google.com/file/d/116rE2BEkIzBGHuivDTCtHOy3Yp8o14sQ/view?usp=share_link	GDrive link
no				Mañjuśrīnāmasaṃgīti	yoga (reinterpreted later as anuttara)	360	y	y	complete	Davidson, 1981	y	y	y (Schott). this includes a parcig of the Tibetan and commments			https://drive.google.com/file/d/1P5G5OzSdVv2Jz2D2C-NPILs1z1Sx4GLZ/view?usp=share_link	GDrive link					https://docs.google.com/document/d/1TFQrzxC84gG5xh_bYgXPX4P6u2Kik1WjAw09j2Qh0RA/edit?usp=drive_link
no	Y			Mañjuśrīnāmasaṃgīti	yoga (reinterpreted later as anuttara)	360	y	y	complete	Based on the edition by Janardan Shastri Pandey in 'Bauddhastotrasamgraha', Sarnath 1994, pp. 5-20. [GRETIL version checked against the ed. by Raghu Vira, Satapitaka 18] Input by Ian Sinclair, 2003		y  -	K12manjn1pu including sentence alignment see "other copies -column V"						SA_K12_manjn1pu.txt
no				Sekoddeśa	anuttara non-dual	361	y	y	complete	Gnoli, 1999	y	n	yes (DSBC)		new edition forthcoming by F. Sferra and Klu mo'i mtsho (2025?)	https://drive.google.com/file/d/1alWRDN6Ne7Jwo0vOG7e49T2X-4Ax1JiY/view?usp=share_link		https://drive.google.com/file/d/1pJytHMV1goZdtThJ2h2D4ykV-o4HHHdY/view?usp=share_link
no		???		Laghukālacakratantra	anuttara non-dual	362	y	Y	complete	Vira & Chandra, 1966	y	n	no (I think Rawlins has one now)	no	This is essentially a transcript of the Cambridge University Library Ms Add 1364 (https://cudl.lib.cam.ac.uk/view/MS-ADD-01364/1) collated with a Nepalese ms. I have not yet identified	https://drive.google.com/file/d/1YGy4-bO_KW4XLXejHxGRk487odS81CSc/view?usp=share_link
no				Laghukālacakratantra	anuttara non-dual	362	y	y	complete	Banerjee, 1985	y	y	no		"Critical" edition based on 5 mss.: 1. Cambridge, 2. RAS London, 3-4. KP Jayaswal, Patna, 5. Viśvabhāratī	https://drive.google.com/file/d/1QX2-ILtPMiAfQeH1P3N837RCLxwTyfh0/view?usp=share_link	GDrive link
no	y	It would be a priority to get a full input of these three volumes.		Laghukālacakratantra	anuttara non-dual	362	y	y	complete	Sarnath ed. (Upadhyaya, 1986 [chs. 1-2]; Dwivedi and Bahulkar 1994a [chs. 3-4], 1994b [ch. 5])	y	y	Yes (JS)		The best full edition we have so far, because of the editors' making reference to the commentary. The three volumes are in pdf url, pdf url #2, pdf url #3.	https://drive.google.com/file/d/1phRnz7KIbWA5PWihwSN-dxgihCHDL9Hc/view?usp=share_link	Vol1, Vol2, Vol3	https://drive.google.com/file/d/1p7Mgh_NWb_GHbqVOxdr7Rgw9LIG_eNNV/view?usp=share_link		https://drive.google.com/file/d/1NmA0tRw2Kykf9iLbTc_p4wdxWLQR2Mxa/view?usp=share_link	https://1drv.ms/t/c/53e849d3c3170f20/IQBAN_LG8SvqTaYuHFjIJxNHAfBkGEU4pPaMIZWe1NRiXus?e=rhpKnc
yes				Kālacakrasekaprakriyā	anuttara non-dual	365	n		n	not published (fragment Kaiser Library 139 = NGMPP C 14/16	n	n	yes (draft ed. Szántó)		text is mostly paralleled (/is an extract from) LKCT, but it is also transmitted in an extended version, which is reflected in the Phug brag ms Kangyur			https://drive.google.com/file/d/1g2VB4WR3VkI1XcPGpivi0Agmzvpi7b6E/view?usp=share_link	yes
yes	PDSz			Sarvabuddhasamāyogaḍākinījālaśaṃvara	anuttara (proto)	366	n	Y	almost complete	Paris, College de France, Biblioteque de l'institut d'etudes Indiennes	n	n	y (Szántó)		draft edition of the paris ms.; since then an apograph (?) has emerged			https://drive.google.com/file/d/1xqju2RyWGKYUtsI6CtnPSWjLsFmp-qlZ/view?usp=share_link	yes
yes				Laghuśamvaratantra	anuttara mother	368	y	Y	complete (partly reconstructed)	Pāṇdeya, 2002	y	n	yes - CIHTS, 2002	no	Also known as Herukābhidhāna. Sarnath edition is with Bhavabhaṭṭa's commentary in two volumes (pdf url and pdf url #2). The e-text is a mixture of the Sarnath edition and the text on Sanderson's old handouts. The text is incomplete, because all the witnesses we have seem to go back to the Baroda ms. (see colour images here pdf url #3).	https://drive.google.com/file/d/1juqnaQIjkssvXyAmLe-OIPr9A7FogQ1Z/view?usp=share_link		https://drive.google.com/file/d/1fPYRyUhoGvLgNYpZmt8Yd-v4HHHdY/view?usp=share_link	https://drive.google.com/file/d/18J1htAqMSljgRUNhwl4bKHkRof1dvsuj/view?usp=sharing	yes		https://drive.google.com/drive/folders/1Iafx9KTCt42VoWTf5lBUqXq7tLJ8xKGr?usp=share_link
no		Would be good to get a pdf and an e-text of this version.		Laghuśamvaratantra	anuttara mother	368	y	y	almost complete	Gray, 2012	n	n	no		Also known as Herukābhidhāna. Would be good to get an e-text of this version.
no				Abhidhānottaratantra	anuttara mother	369	y	Y	Ch 9, 14, 19, 24, 39-42	Kalff, 1979	y	y		no	First pdf contains all relevant text, pp 1-409 of original. Second pdf has pp 1-343, third has pp 344-409	https://drive.google.com/file/d/1DkbQ2TrHDK-WD3g8mHH20we1pi4tw85Q/view?usp=sharing	GDrive link	https://drive.google.com/file/d/15JF0s_nhPn1y-uWSeyJYs-KeLv00itxj/view?usp=sharing		https://drive.google.com/file/d/1JhbjIo8o_yRpXI_lACJRk8rYD4KI-m9j/view?usp=sharing
no				Abhidhānottaratantra	anuttara mother	369	n		1–12, 13–14 (incomplete), 18–19/21–22, 23/26–34/37, 37/40, 43/46–46/49, 64–66	input by Szántó from various mss.		y - input by Szántó from various mss.		The alternative numeration is because of a difference between the old palm-leaf ms. and more recent copies			https://drive.google.com/drive/folders/1PIpCvyiCFQ1lTUQEcu7ORrdqgDgBQxr4?usp=share_link	yes, but references to Olga (Serbaeva)'s input should be removed (i.e. the lines marked by %)
no				Abhidhānottaratantra	anuttara mother	369	y		3, 38–45	Sugiki, 2024	y	y	[check]		pdf has multiple source texts	https://drive.google.com/file/d/1NbVc2xk_lxG2y3zP6cxCiVZ9yI3CcgTj/view?usp=share_link	GDrive link
no				Abhidhānottaratantra	anuttara mother	369	y		37, 51, 52, 57, 58, 59	Sugiki, 2019 (37, 51, 52, 59); Sugiki, 2020 (57, 58)	y	y	[check]		Sugiki 2019 = pdf url, Sugiki 2020 = pdf url #2	https://drive.google.com/file/d/1qKymJ-5QVKOc7jjQQp0GRWpvZ0ZhYFOE/view?usp=share_link	Sugiki_2019, Sugiki_2020	https://drive.google.com/file/d/16_dsh05NSSxQjDLwGjljs0rXulUKMgEB/view?usp=share_link
yes				Vajraḍākatantra	anuttara mother	370	y	Y	1, 42	Sugiki, 2002	y	y	yes (Szántó)	no	Have pdf of Sugiki CH 1 & 42 only [all published papers along we the e-texts have now been added below-PDSz]	https://drive.google.com/file/d/1BPGcIKm4XA2r5OfgBtTldJi4k11ubPoa/view?usp=drive_link	GDrive link		https://drive.google.com/file/d/1ix2Swej8c2_37osgQULQeKy5FBsD_imG/view?usp=share_link	yes
yes				Vajraḍākatantra	anuttara mother	370	y	y	7, 8, 14, 18, 22, 36, 38	Sugiki 2003	y	y	yes (Szántó)				https://drive.google.com/file/d/1uTEvFCr_ri3NUsVsyJXlJJ9u215MUkIA/view?usp=share_link	GDrive link		yes
yes				Vajraḍākatantra	anuttara mother	370	y	y	11, 15	Sugiki 2016	y	y	yes (Szántó)				https://drive.google.com/file/d/1ALcVkx6_tQnVdc5uEW7-99RHEUF5F-op/view?usp=share_link	GDrive link		yes
yes				Vajraḍākatantra	anuttara mother	370	y	y	12, 13	Sugiki 2017	y	y	yes (Szántó)				https://drive.google.com/file/d/1G_ybAZvxHhQPOWg2XfLHIMhwBU-7HMvg/view?usp=share_link	GDrive link		yes
yes				Vajraḍākatantra	anuttara mother	370	y	y	19	Sugiki, 2016	y	y	yes (Szántó)				https://drive.google.com/file/d/12r5T5theWSn1Y0u7YIDz7PdlC1Y8arU9/view?usp=share_link	GDrive link		yes
yes				Vajraḍākatantra	anuttara mother	370	y	y	35	Sugiki, 2023	y	y	yes (Szántó)				https://drive.google.com/file/d/1P_KZHTr1cAYuHFjIJxNHPdlC1Y8arU9/view?usp=share_link	GDrive link		yes
yes				Vajraḍākatantra	anuttara mother	370	y	y	44, 48	Sugiki, 2008	y	n	yes (Szántó)				https://drive.google.com/file/d/1FsKmwLk6qOrUt6uwNEHXa4qU_RY_djNp/view?usp=share_link	GDrive link		yes
no				Vajraḍākottaratantra	anuttara mother	371	n		n	Sanderson, unpublished	n	n	y 		Sanderson's reconstruction from the Tibetan with notes)			https://drive.google.com/file/d/1X-nXsAh1Nwmp2uQ8iT48odxlWmnU1ng8/view?usp=share_link	yes, but just to be safe, ask Alexis
no	ok			Ḍākārṇavatantra	anuttara mother	372	y	Y	apabrahamsa stanzas	Chaudhuri, 1935	y	y		XXn2938u	New ocr with 2025 google vision api [PDSz: the quality of this scan is highly questionable, there might be diacritics missing, so you will get false resulting text; so this should be checked, meanwhile I uploaded a better quality scan, see pdf url #2]	https://drive.google.com/file/d/16fHGG2xt_eFLQPEYwlyOdLwS5y5tRDYJ/view?usp=drive_link	scr1 link, src2 (better) link	https://drive.google.com/file/d/1MHB_4R7wI-ZZTKCll6qyqbLOZNbETdoR/view?usp=share_link
yes				Ḍākārṇavatantra	anuttara mother	372	n		1, 11-13, 24, 25, 50-1, 50-10, 50-12, 50-17	ms. inputs	n	n	yes - Szántó 		From NAK 3-447 = NGMPP B 113/3			https://drive.google.com/drive/folders/1zJcusBnJ8ebthal98uFXX2Wi-EFh5iah?usp=share_link	yes
no				Ḍākārṇavatantra	anuttara mother	372	y		15	Sugiki, 2022	y	y	n		With Jayasena's Ratnapadmarāganidhi, online available here: https://www.mdpi.com/books/monograph/4552-the-ocean-of-heroes	https://drive.google.com/file/d/1hQ544yb4hx2v-In_IeuiN7hgRJz_DjfB/view?usp=share_link	GDrive link
no				Ḍākārṇavatantra	anuttara mother	372	y		26–37	Sugiki, 2024	y	y	n				https://drive.google.com/file/d/1NbVc2xk_lxG2y3zP6cxCiVZ9yI3CcgTj/view?usp=share_link	GDrive link
no				Ḍākārṇavatantra	anuttara mother	372	y		50-3	Sugiki, 2018	y	y	n				https://drive.google.com/file/d/1SNIA_NEqNrnVC18A4JsNE168pcz41Qp_/view?usp=share_link	GDrive link
no				Ḍākārṇavatantra	anuttara mother	372	y		50-8	Sugiki, 2018	y	y	n				https://drive.google.com/file/d/1PEzLfzpAVzUXbDlvkKBvYUT2QYXbDXso/view?usp=share_link	GDrive link
no				Ḍākārṇavatantra	anuttara mother	372	y		50.2.1-14	Sugiki, 2023	y	y	n		from pdf with multiple sources	GDrive pdf	GDrive link
yes				Saṃvarodayatantra	anuttara mother	373	n		Ch 1	draft ed. by Szántó	n	n	y (Szántó)		draft collation of two manuscripts: RAS Hodgson no. 38 and Tokyo University Library Matsunaga no. 404			https://drive.google.com/file/d/1DFospGt_l4bpKrs7099E6akwaBT4-G_m/view?usp=share_link	yes
no	PDSz			Saṃvarodayatantra	anuttara mother	373	y	Y	Ch 2-10, 13, 17-19, 21, 23, 26, 28, 31, 33	Tsuda, 1974	y	y	yes https://drive.google.com/file/d/18UVAoFgpNtFmJOqN2GrpSRJ0UkKKOd4W/view?usp=drive_link	no		https://drive.google.com/file/d/1H5vVQl0p91ZK8yiWlBeqGebfhCKZWfeN/view?usp=sharing		https://drive.google.com/file/d/18UVAoFgpNtFmJOqN2GrpSRJ0UkKKOd4W/view?usp=sharing				https://drive.google.com/file/d/1LiKMFBAvSJdRghhi2r92fOKOOEZDZXcW/view?usp=sharing
yes				Saṃvarodayatantra	anuttara mother	373	n		Ch 11	draft ed. by Szántó	n	n	y (Szántó)		corrected input of Tokyo University Library Matsunaga no. 404			https://drive.google.com/file/d/1lEL0akrcrOMpQTVXda0Txxe8Up39VxZo/view?usp=share_link	yes
yes				Saṃvarodayatantra	anuttara mother	373	n		Ch 12	draft ed. by Szántó	n	n	y (Szántó)		corrected input of Tokyo University Library Matsunaga no. 404			https://drive.google.com/file/d/1P8jGvLD8zGQ2gHMPHzDvcdiyZlJ5NXyi/view?usp=share_link	yes
yes				Saṃvarodayatantra	anuttara mother	373	n		Ch 14	draft ed. by Szántó	n	n	y (Szántó)		draft collation of two manuscripts: RAS Hodgson no. 38 and Tokyo University Library Matsunaga no. 404			https://drive.google.com/file/d/1QRuw9JzMbwAo9bq685s4P3Pois4IsyiN/view?usp=share_link	yes
yes				Saṃvarodayatantra	anuttara mother	373	n		Ch 15	draft ed. by Szántó	n	n	y (Szántó)		draft ed. from several manuscripts			https://drive.google.com/file/d/1gcDGzKMnsBWLg6YceYIhiNG5lRH-8B9Q/view?usp=share_link	yes
yes				Saṃvarodayatantra	anuttara mother	373	n		Ch 16	draft ed. by Szántó	n	n	y (Szántó)					https://drive.google.com/file/d/1-9R6bzdt8AjOdPL-hTpgS4617OSKduF6/view?usp=share_link	yes
yes				Saṃvarodayatantra	anuttara mother	373	n		Ch 20	draft ed. by Szántó	n	n	y (Szántó)		corrected input of Tokyo University Library Matsunaga no. 404			https://drive.google.com/file/d/1cUVtNagOUuwUSY3lBuiDOwE7Tk5_Hvse/view?usp=share_link	yes
yes				Saṃvarodayatantra	anuttara mother	373	n		Ch 22	draft ed. by Szántó	n	n	y (Szántó)		corrected input of Tokyo University Library Matsunaga no. 404			https://drive.google.com/file/d/1jzhCzen08dnYufvXb4WK4YVOxlmUFbRk/view?usp=share_link	yes
yes				Saṃvarodayatantra	anuttara mother	373	n		Ch 24	draft ed. by Szántó	n	n	y (Szántó)		corrected input of Tokyo University Library Matsunaga no. 404			https://drive.google.com/file/d/1KyRG_MwLb1Jpvpu7nMpO9PHSqdYtQc3v/view?usp=share_link	yes
yes	PDSz			Saṃvarodayatantra	anuttara mother	373	y	Y	Ch 25	Yamano, 2007	y	n	y (Szántó)				https://drive.google.com/file/d/1h1A0qh0BvRE3zbP4oIhdMZg30eu6z0oM/view?usp=share_link		https://drive.google.com/file/d/1Z7HOPzuEcz5FcxdzvadUnfDkPagrtimV/view?usp=share_link	yes
yes				Saṃvarodayatantra	anuttara mother	373	n		Ch 27	draft ed. by Szántó	n	n	y (Szántó)		corrected input of Tokyo University Library Matsunaga no. 404			https://drive.google.com/file/d/1Gom5-7NWfr-CNeFYXqndx1hwA19Fl1Qr/view?usp=share_link	yes
yes				Saṃvarodayatantra	anuttara mother	373	y		Ch 29	Tsuda, 1976	y	n	y (Szántó)				https://drive.google.com/file/d/17DCUK-kGZOUKDRrNuNq27LdBoNoIbJzE/view?usp=share_link		https://drive.google.com/file/d/12OAPTh5C1pI6VielR9svOK9y3UeLO6Wi/view?usp=share_link	yes
yes	PDSz			Saṃvarodayatantra	anuttara mother	373	y	n	Ch 30	Cicuzza, 2001	y	y	y (Szántó)	no	Sanskrit text has footnote markers almost every other word [I now added a 'clean' version, PDSz]	https://drive.google.com/file/d/1El1daBWVNqZipBFy-mGE5gj5uxgPUv7p/view?usp=drive_link	GDrive link		https://drive.google.com/file/d/1NjBeP9O0167KpmOiCy5uxcr5twc7RgU_/view?usp=share_link	yes		https://drive.google.com/file/d/1rxcXiaR7cq0BdJOSDMt5shT_43RnrQeA/view?usp=share_link
yes				Saṃvarodayatantra	anuttara mother	373	y		Ch 32	draft ed. by Szántó	n	n	y (Szántó)		corrected input of Tokyo University Library Matsunaga no. 404			https://drive.google.com/file/d/1ZKztyPYRGYWZ-I5zf9XbVP-qD3NPyVNY/view?usp=share_link	yes
no				Yoginīsaṃcāratantra	anuttara mother	375	y	Y	complete	Pandey, 1998	y	n	yes (Tanemura)	no	the e-text is together with the commentary of Tathāgatarakṣita, but not the sub-commentary of Alakakalaśa	https://drive.google.com/file/d/1hn8KlKqeygf7iZat8kbP4O6InTsq-ul-/view?usp=share_link		https://drive.google.com/drive/folders/1MMNaLPvJipoHwyY3F9XGnQ7nr6ZkECSS?usp=share_link	no, ask Tanemura first
yes				Caturyoginīsampuṭa	anuttara mother	376	n	Y	complete		n	n	y (Szántó - incomplete!)		input of the ms as seen on the Tucci photographs, verso folios not traced yet but I'm told they're there... (the original ms. might still survive in the TAR)			https://drive.google.com/file/d/1bvc-ABqcf2cP6XMCKYuz4UHbAzosvW5D/view?usp=share_link	yes
yes	PDSz			Sampuṭodbhava / Sampuṭa	anuttara mother	381	y	N	complete	84000	y	n	yes- 84000	no	search for "samputa" and "samputodbhava" on 84000.co produces no results...[now see next box]	https://84000.co/translation/toh381.pdf		https://drive.google.com/file/d/1WxN45uqgEHi2GTKBRjcEgM0T9cZ3vv7t/view?usp=share_link	https://drive.google.com/file/d/1nN8784EtkiYoUC365JHlMmz77YVAsUj9/view?usp=share_link	yes
no		OCR?		Sampuṭodbhava / Sampuṭa	anuttara mother	381	y	N	Ch 1 (or 1.1–1.4)	Skorupski, 1996	y	tbd		no	Sanskrit and Tibetan	https://drive.google.com/file/d/1kkrRcQF2PwziCfm7j_RLp3ax1xeurEDH/view?usp=sharing
no				Sampuṭodbhava / Sampuṭa	anuttara mother	381	y	N	Ch 2 (or 2.1–2.4)	Skorupski, 2001	y	tbd		no	Sanskrit and Tibetan	https://drive.google.com/file/d/1ljlxC18hTFMimQmLW9XaNBI5WNtW8mmr/view?usp=sharing
no				Sampuṭodbhava / Sampuṭa	anuttara mother	381	y	Y	Ch 1-4 (or 1.1–1.4)	Elder, 1978	y	y		no	Sanskrit and Tibetan with English translation	https://drive.google.com/file/d/1t8lWQmj0jv2kZes8kSwDCzxzXeIL3d8b/view?usp=sharing	GDrive link
no				Sampuṭodbhava / Sampuṭa	anuttara mother	381	y		Ch 2.2, 3.1, 3.3, 3.4	Noguchi, 1986 (3.4); Noguchi, 1987 (3.1); Noguchi, 1987 (3.4); Noguchi, 1987 (3.3); Noguchi, 1988 (3.3); Noguchi, 1995 (2.2)				all these are available already, so not sure whether to upload them or not (takes a bit of time gathering them from Japanese websites)
yes	PDSz			Sampuṭatilaka	anuttara mother	382	n	Y	complete	Royal Asiatic Society, London; Asiatic Society, Calcutta; Wellcome Institute for the Study of Medicine Library	n	n	yes (Szántó)		input by Szántó from mss. (RAS and Wellcome, Calcutta not collated)			https://drive.google.com/file/d/1-uO_QmCJOcB6YYWDSSRT-70IiWrhzqF9/view?usp=share_link	yes
no	N			Anāvilatantra	anuttara mother	414	n	Y	incomplete	U of Tokyo
yes	yes			Anāvilatantra	anuttara mother	414	y		fragment	Szanto, 2022	y	n	yes - Szanto	no	Direct from Szanto	https://drive.google.com/file/d/1XtRzeq7vc6N-fmoyLcKxFoAHAOofTMK/view?usp=share_link		GDrive link	yes
no				Anāvilatantra	anuttara mother	414	y		fragment	Szanto. Date > 2020	y	y	n	no	Pre-publication paper. Anāvila fragment based on U of Tokyo MS 517	GDrive link	GDrive link
no				Ḍākinīvajrapañjara	anuttara mother	419	n	Y	complete	TAR; Tshering (in preparation)	n	n	n		Forthcoming in Dhondrup Tshering's dissertation (Charles University, Prague)
yes	PDSz			Mahāmudrātilaka	anuttara mother	420	n	Y	complete	Staatsbibliothek zu Berlin, Preuss. Kulturbesitz Orientabteilung Hs. or. 8711	n	n	yes (draft ed. Szántó)		for further information and an introduction, see Szántó 2024 (link in pdf url #2)		https://drive.google.com/file/d/1FlA74Xckw3H1867US_fpZM9RlEMVpkEc/view?usp=share_link	https://drive.google.com/file/d/1w_4__tCAOoD58Vr0WpRIR7lHNJa1Eih4/view?usp=share_link	yes
no				Mahāmudrātilaka	anuttara mother	420	y	Y	Ch 24	Sugiki, 2023	y	y	no	no	Sugiki pdf also includes translations of Sādhananidhi 11, 14 and 49, Vajraḍāka 35, and Ḍākārṇava 50.2.1-14.	https://drive.google.com/file/d/1DbHHY6glpbBhrM7I0xxdN1X32jn1uSfY/view?usp=sharing	GDrive link
no	?			Buddhakapālatantra	anuttara mother	424	y	Y	Ch 1-4, last incomplete	Dhīḥ 43, 2007	y	n	MS preserved in the Cambridge University Library, No. Or. 158 % typed by Ryugen Tanemura (February 2004) [check] [tidy up]	XXn2927u	Our copy of Tanemura's version is plain text, only parts of chapters 1-3. PDSz: the Dhīḥ edition is from a manuscript in the possession of the Karmapa, not seen so far in the original. The Cambridge fragment is different.	https://drive.google.com/file/d/132P7MOjGVPeeEyDm0kLDi4SjSI_fYkOz/view?usp=share_link		https://drive.google.com/file/d/128L-LEgQz7ADGU1icZdYqVwwAxnXLz6e/view?usp=sharing
no	?			Buddhakapālatantra	anuttara mother	424	y	y	ch 9-14	Nagarjuna Institute of Buddhist Studies, 2018	n	n	Two identical copies		Both copies have ONLY CR characters at end of lines, and NO LF, so bash reports number of lines as zero. run dos2unix before processing!			https://drive.google.com/file/d/1Sbvi5dhFNrPOd4pD3U3p2dbjzrfvuI3x/view?usp=sharing			https://drive.google.com/file/d/1gKL8ECNBKPiAbpBlL4_boxi6njEwJXWW/view?usp=sharing
yes				Buddhakapālatantra	anuttara mother	424	y	y	Ch 9–14	Luo, 2010	n	n	yes - Szanto					https://drive.google.com/file/d/1ayxumgtRSt55CulUUzcppLtXH-0ebuBE/view?usp=share_link	yes
yes				Mahāmāyātantra	anuttara mother	425	y		complete (restored)	Rinpoche & Dwivedi, 1992	y	n	y (Szántó)		With corrections etc. to the edition.	https://drive.google.com/file/d/1fgRGWlaV5zi8-GRkUOfveNlJFJEPBovV/view?usp=share_link		https://drive.google.com/file/d/1B5qU9BfSU99Jl8CY0CISH3NbX8GEBKQa/view?usp=share_link	https://drive.google.com/file/d/1EFpDDMVDlomHBIiKSyZUjykWKjAABWqX/view?usp=share_link	yes
no				Mahāmāyātantra	anuttara mother	425	y		complete (restored)	Damron, 2014 (MA diss.)	y	y	n				https://drive.google.com/file/d/1k-eydJphchpaSjKVdb12lmq1gzKHgoBE/view?usp=share_link	GDrive link
yes				Vajrārallitantra	anuttara mother	426	n		testimonia	gathered by Szántó	n	n	y - (Szántó)		this is the Derge Tibetan with the testimonia available thus far			https://drive.google.com/file/d/1Kaq4F7h05QyuSQ69-Ju2uioPm1B141P6/view?usp=share_link	yes
yes	Yes			Rigyarallitantra	anuttara mother	427	n	Y	very incomplete	Szántó, Cambridge University Library	n	n	Yes, Szanto 2021		Sanskrit-only, machine compatible			GDrive link	yes
yes				Rigyarallitantra	anuttara mother	427	n	Y	very incomplete	Szántó, Cambridge University Library	y	y			Includes English analysis and "tentative" translation.	GDrive link	GDrive link		yes
yes	Yes			Catuṣpīțhatantra	anuttara mother	428	y		selected	Szanto, 2012	n	n	Yes. Title: Catuṣpīṭhatantra Published: partial in Szántó thesis Sources: several mss. + comms.	no	Sanskrit only, machine compatible			GDrive link	yes
yes				Catuṣpīțhatantra	anuttara mother	428	y		selected	Szanto, 2012	y	y	Title: Catuṣpīṭhatantra Published: partial in Szántó thesis Sources: several mss. + comms.	no	Sanskrit with English introduction and "tentative" translation [I suppose this refers to my thesis; here you have a complete e-text, including the unstudied passages]	GDrive link	GDrive link		yes
no				Catuṣpīṭhatantra	anuttara mother	428	y		first half	Mishra, 2023	y	n	no				https://drive.google.com/file/d/1TiMR9S6-77HQRCDFmH6bqxfMHPo1Ayd5/view?usp=share_link
yes				Catuṣpīṭhamantrāṃśa	anuttara mother	429	n		n	draft ed. by Szántó	n	n	y - (Szántó)		Whatever survives recycled in NAK 5-37 = NGMPP A 138/10 part 3			https://drive.google.com/file/d/1LZLRtNsklzrpj0sNDo6_6AUpb_KShfRf/view?usp=share_link	yes
no	N			Caṇḍamahāroșanatantra	anuttara mother	431	y	Y	chapter 16	La Vallée Poussin, 1897	y	n		XXn2890u including alignment (not sure which section this maps to)	5-page pdf with short sanskrit fragment	https://drive.google.com/file/d/1EKIrJMNlDunajJqqzP1Y9LC3it5UBrts/view?usp=sharing
no	N			Caṇḍamahāroṣaṇatantra	anuttara mother	431	y	Y	ch 1-8	George, 1974	Y	NA	Y https://drive.google.com/file/d/1JmZ73ATygmzbNUQse_6xDzdl_t0eHzAV/view?usp=sharing	See above		https://drive.google.com/file/d/1W1Qc_O9dZtU8v2Y8voQCkp-Zpv_aWNOt/view?usp=share_link
no	yes			Caṇḍamahāroṣaṇatantra	anuttara mother	431	y	N	complete	84000	y	y	yes- 84000 https://docs.google.com/document/d/13pwc7dM3IOLEPmzv100Q3-FGZWqm7bcBIGqC5VucmrU/edit?usp=sharing	Should use this 84000		https://drive.google.com/file/d/1M_sXTyCEPWwd6QDcfyFxcdvHyc_SCk9m/view?usp=sharing	GDrive link		https://docs.google.com/document/d/13pwc7dM3IOLEPmzv100Q3-FGZWqm7bcBIGqC5VucmrU/edit?tab=t.0#heading=h.99a6o7k8t6od
no				Caṇḍamahāroṣaṇatantra	anuttara mother	431	y		ch. 6 with commentary	Grimes & Szántó, 2018	y	n	n				https://drive.google.com/file/d/1yFBcDGnQhdv_aodFtIN6RLLnbAdw8w6x/view?usp=share_link
yes				Vajrāmṛtatantra	anuttara mother	435			% caturthaḥ paṭalaḥ	MS preserved in the Cambridge University Library, Or. 158 (with some lemmata from Śrībhānu's commentary)		y (Szántó)					https://drive.google.com/file/d/1XWYM84pD7tzdOiRfmBvi-F5d9WGXXWHY/view?usp=share_link	yes
no	yes			Vajrāmṛtatantra	anuttara mother	435	n	Y	incomplete (under preparation)	Cambridge University Library, Sferra 2017	y	y					https://drive.google.com/file/d/1UNTg5VSfqDWdv4zOR_hqfpslaGXbkdZ1/view?usp=drive_link	GDrive link				https://drive.google.com/file/d/176HJk9lI1EcNCVPOTES5a0TA1WihaORZ/view?usp=drive_link
yes	yes			Vajrāmṛtatantra	anuttara mother	435	n	Y	incomplete (under preparation)	Szántó 2021	y	n	yes - from Szántó					https://drive.google.com/file/d/1HTffZ3s1at_6zRdVjjkovBnl1ze9uKiQ/view?usp=sharing	yes
yes	PDSz			Kurukullākalpa Yoga	kriyā/yoga/anuttara mother	437	y	Y	complete	Pāṇdeya, 2001	y	n	yes - Szántó	no	also published anonymously in Dhīḥ 30 in the same year [see pdf url #2], but it's most likely the same text, perhaps the volume has some corrections	https://drive.google.com/file/d/1nUKg8oNP2m1PLSDfkeX_AiEoWo8FpXV8/view?usp=share_link		https://drive.google.com/file/d/1IgxdD59LK5h_QC6E8bYV6sHf5tGHuM7C/view?usp=share_link	https://drive.google.com/file/d/1GtBEfH_0gVBq12cIkiU1Lsm03O7A5LGM/view?usp=share_link	yes
no	y			Kurukullākalpa Yoga	kriyā/yoga/anuttara mother	437	Y	Y	complete	84000, First published 2011, current version 2024	Y	y	yes - 84000	no	New OCR with 2025 google vision api	https://drive.google.com/file/d/18_EVTy9iOgxGx8yGDfqkvZwfU_nx1hzH/view?usp=sharing	GDrive link
no				Namaskāraikaviṃśatistotra	anuttara mother	438	y		complete	du Blonay, 1895	y	n	yes (GRETIL, Wille)		This (otherwise famous) hymn to Tārā is for some reason scriptural for the Tibetans.	https://drive.google.com/file/d/1vJTPPQhPN9mjjy-9aWIZX1XqQrUUrzf5/view?usp=share_link		https://drive.google.com/file/d/1yrUZ8Cba1XVrctI09UOV49MfgqjV5UVN/view?usp=share_link			https://drive.google.com/file/d/1IVJOIQ9rZ-p67tM_IjWOMW_lzaAuRfUb/view?usp=share_link
no		?		Mahākālatantra	anuttara father	440	y	Y	Ch 1-8	Stablein, 1976	y	n	no		There are actually several, very different recensions of this tantra. Somebody at 84000 (I forgot who [PDSz]) is working on a translation of the Tibetan and the underlying Skt.	https://drive.google.com/file/d/121f5G1aU2FHkkv63dNVfD4lFn-tAAPI5/view?usp=share_link
no	PDSz			Advayasamatāvijaya	anuttara father	452	y	Y	complete	Fan, 2011	y	n	yes - but only selections (Szántó)	no	Would be good to get the complete e-text, perhaps an ocr is possible.	https://drive.google.com/file/d/10Pp6vcpVARAzr8TWw-ymqlSKPeC1AbMz/view?usp=share_link		https://drive.google.com/file/d/1VmQyK0f5ubyA9cbrbozD9MkkhjUDOMEV/view?usp=share_link	yes (but perhaps we have a full input now?)
no				Māyājālatantra	anuttara father	466	n	Y	complete (?)	TAR	n	n			Only a few pictures were taken of this manuscript (with fake illuminations, I am told) and then it disappeared without a trace. It is possibly complete, but we might never know.
no				Kṛṣṇayamāritantra	anuttara father	467	y		complete	Rinpoche & Dwivedi, 1992	y	n	yes - unknown		We have two identical etexts with different names. A pdf of a manuscript is available here: https://archive.org/details/rashodgson41/page/n17/mode/1up	Download the edition from here (too big for upload): https://archive.org/details/nrMc_krishna-yamari-tantra-edited-by-samdhong-and-vrajvallabh-durlabh-bouddha-granth-		https://drive.google.com/file/d/1GuuSqCVviG9uaTbl-WlJFrY1yut3czTK/view?usp=drive_link	no, locate source of input first		https://drive.google.com/file/d/1eo2qQ7vkfW-sOVkXnHl4_177lrShhroG/view?usp=drive_link
no	PDSz			Vajrabhairavatantra	anuttara father	468	y	?	no complete text has been published yet	Dhīḥ 43, 2007, pp. 165-176	n		y- Hackett also	no	Here's another e-text (draft partial ed. by Adi Cîrstei and Szántó: https://drive.google.com/file/d/1ucYH6yoswn7bsMX0ZiJRtDUj8dljb14f/view?usp=share_link		https://drive.google.com/file/d/1LrERLuGNmlqN66y5bV1ISn8MeGhjzRsg/view?usp=sharing			https://docs.google.com/document/d/1UctBkgm0KKv2qPY8eLvZzo0u9sPfHmjQZ6PipRxyhkA/edit?usp=sharing,   https://docs.google.com/document/d/1H9zqv90lO8svNxv1tugH2MIbNfhbYaAkdHlP6-DB_Wc/edit?usp=sharing
no				Vajramahābhairavatantra	anuttara father	468		Wenta, PhD, 2020	n	n			can be purchased here [publication is delayed, or so I heard; update 2025.v.20: I have the book, but the Sanskrit was not published in it...]	https://drive.google.com/file/d/1_39JMCauM65yh6W73LnQx3RTqNL-bWUD/view?usp=drive_link	Gdrive link
yes	PDSz			Raktayamāritantra	anuttara father	474	n	Y	complete	Ashakāji Bajracharya private coll. running no. E 26157 = NGMPP E 1323/2 = NGMPP D 37/11	y	n	Yes, Szanto 2006 		Full diplomatic transcript in the appendix of Szanto's thesis [pdf url #2], some chapters edited in the thesis [pdf url], the MS is in pdf url #3—these are two NGMPP takes of the same Ms, but keep both because one take missed some folios and vice versa. Many chapters are identical to the Kṛṣṇayamāritantra	https://drive.google.com/file/d/1etkMgLEeUKCottrXSEonwlfGIqFVV4Ci/view?usp=share_link		https://drive.google.com/file/d/1aWHtRkTP8HWxVGydyw_sdsKSTSO-4oHs/view?usp=share_link	https://drive.google.com/file/d/1PWtZ6YS_XsMukiV98rJkfb0-GhFBZmGv/view?usp=share_link	yes		https://drive.google.com/drive/folders/1s6QbR_JEET_46CCbW54Qp07EfZA4EooQ?usp=share_link
no	PDSz			Śrīmadraktayamāritantra	anuttara father	475	n		unpublished (forthcoming Gerloff?)	TAR	n	n	n		not to be confused with Raktayamāritantra, this is a different scripture
no				Guhyendutilaka	anuttara father	477	n	Y	complete (?)	TAR	n	n	n		Rumours have it that there are even two mss. of the text, but both remain inaccessible.
no	PDSz			Sarvatathāgatatattvasaṃgraha	yoga	479	y	N	complete	Horiuchi, 1974, 1983	y	n	y	K12sarvttsu (not sure which version)	two vols. (1: pdf url; 2: pdf url #2)	https://drive.google.com/file/d/1F7upk73dURcVEsDNUuwh-Kx92tQdv8uu/view?usp=share_link		https://drive.google.com/file/d/1OwsktrtX1et08EUDV5tStj0RCNCGGpsJ/view?usp=share_link	https://drive.google.com/file/d/1fvmbFWLHihTFHFtR1cC9GJW8SRB9dbzi/view?usp=drive_link
no	PDSz	OCR		Sarvatathāgatatattvasaṃgraha	yoga	479	y	Y	complete	Yamada, 1981	y	n					https://drive.google.com/file/d/1EneJ79yhP6eF7HgLmGHzfhlCQifSE8j8b/view?usp=share_link	GDrive link
no	PDSz			Sarvatathāgatatattvasaṃgraha	yoga	479	y		complete	Chandra and Snellgrove, 1981, reproduction of manuscript	y	y			10th century manuscript quality is very challenging, but latest gemini might be able to make something of it...	GDrive link	GDrive link		https://drive.google.com/file/d/1h6sIO_fwOXOmtI1uhNgwDYl-L5yRiJlx/view?usp=share_link
no				Vajraśekhara Tantra	yoga tantra	480				n	n			not known to be extant in Sanskrit, many testimonia and incorporations however
no				Sarvarahasyatantra	yoga	481	n		testimonia
no	Y			Sarvadurgatipariśodhanatantra	yoga	483	y	Y	complete	Skorupski, 1983; Takahashi 1984a, 1984b, 1985, 1986	y	tbd	yes-Tanemura	K12sdurst_u		https://drive.google.com/file/d/1b2wr_YTeJ8OgnlIKKMLw2pg-tg7HBwu-/view?usp=sharing		https://drive.google.com/drive/folders/1rNQ0pNiCarzw70WyUKOTvJipoHwyY3F9?usp=share_link	https://drive.google.com/file/d/1r41ZMloY9CP-T5Gwqa410z1hpxrejMGY/view?usp=sharing	no, ask Tanemura first
no				Sarvadurgatiparisodhanatantra	yoga	483	y	Y	complete	Skorupski, 1983	see above		yes-Klaus Wille (Göttingen, Germany)	no	Second e-text copy is identical to Tanemura			https://drive.google.com/file/d/1r41ZMloY9CP-T5Gwqa410z1hpxrejMGY/view?usp=drive_link
no				Paramādyamantrakalpakhaṇḍa	yoga	488		part	Tanaka, 2023	n	n	n		partially reconstructed from the Chinese trascribed passages and testimonia/incorporations; can be had from here: https://vajrabookshop.com/product/the-paramadya-tantra-a-partial-restoration-of-the-sanskrit-text/
yes	PDSz			Mahāvairocanābhisaṃbodhitantra	caryā tantra	494		fragment		n	n	y (Szántó)		only a small fragment (next to the already available testimonia) Wang, 2022	https://drive.google.com/file/d/1UacD_3cCZmdrJCEKiEalW3JV9qAp588X/view?usp=share_link		https://drive.google.com/file/d/1jxyemlwz2x1Clxg1Qb8snLeP-wuUdhqy/view?usp=share_link	yes
no				Vajrapāṇyabhiṣekamahātantra	caryā tantra	496				n	n			not extant in Sanskrit
no	y			Mañjuśriyamūlakalpa / Mañjuśrīmūlakalpa	kriyā	543	y			M.M.T. Ganapati Shastri, 1925; Aryamanjusrimulakalpa. In: Mahayanasutrasamgraha, part II, ed. by P.L. Vaidya, Darbhanga 1964 (Buddhist Sanskrit Texts, 18).		yes-unknown					https://drive.google.com/file/d/1AIYaDe04DsUv83_IamH0emQBQKMiMPOU/view?usp=sharing
no	N			Mañjuśrīmūlakalpa / Mañjuśrīmūlakalpa	kriyā	543	y		Part 1 M.M.T. Ganapati Shastri, 1920	y	y					https://drive.google.com/file/d/1v5oB2Jh6nNm8wcSRZGiyYyVNUUDFz3jq/view?usp=drive_link	GDrive link
yes				Mañjuśriyamūlakalpa / Mañjuśrīmūlakalpa	kriyā	543	y		complete	84000	y	n	yes (Szántó)				https://drive.google.com/file/d/1KEEU9pumS9A8gLHGwKku2zXOb82UM7TM/view?usp=share_link		https://drive.google.com/file/d/1VtHL3GgpC-txalOSHTCXwLvhmwucTfrs/view?usp=share_link	yes
no	PDSz			Siddhaikavīratantra	kriyā	544	y		complete	Dhīḥ 23; Mikkyō Seiten Kenkyūkai (Nobuo Otsuka) 1995	y		y (Szántó)		The e-text is a mixed input from the Japanese ed. and the Dhīḥ ed.	https://drive.google.com/file/d/15G0_7d3Aexng15ivFqIqxjEuW0piNV5B/view?usp=share_link		https://drive.google.com/file/d/1mXVqOiHJu8PSCH5wO7Eecd3KFbSzFzpV/view?usp=share_link	no, ask Tanemura first
no				Suvarṇaprabhāsottama	kriyā	557	y		y	Bagchi, 1967	y	n	yes (DSBC)				https://drive.google.com/file/d/1YxF1K4NpiA8Vg6LOSjZQiqcSdgXupJXJ/view?usp=share_link		https://drive.google.com/file/d/1G92-Mf2CvQif13gq16z7crijUJwdn9rY/view?usp=share_link
no				Mahāmāyūrī	kriyā	559	y		y	Takubo, 1972	n	n	yes (GRETIL, Wille)		Later made part of the Pañcarakṣā.			https://drive.google.com/file/d/1WbMnrWkdRYuCpHf-O_WKn2gGWYttYeJd/view?usp=share_link
no				Mahāpratisarā	kriyā	561	y		y	Hidas, 2012	n	n	yes (GRETIL, Hidas)		Later made part of the Pañcarakṣā.			https://drive.google.com/file/d/1RqlvEgA8YAFW--MwaxIHAuLtty40Y8KF/view?usp=share_link
no				Mahāśītavatī	kriyā	562	y		y	Iwamoto, 1937	n	n	yes (GRETIL, Wille)		Later made part of the Pañcarakṣā.			https://drive.google.com/file/d/1CNmT8e-jvdfT5UK35wkLSkOxxL_NVtj1/view?usp=share_link
no				Mahāmantrānusāriṇī	kriyā	563	y		y	Skilling, 1998	y	n	yes (GRETIL, Wille)		Later made part of the Pañcarakṣā.	https://drive.google.com/file/d/13-DOOOGz_ICzhibKzM3JALskB7QOxGwI/view?usp=share_link		https://drive.google.com/file/d/1XDshZdVGbZ32E3IJAnqON4Dz-oMhc2Su/view?usp=share_link
yes	PDSz			Dhvajāgrakeyūrādhāraṇī	kriyā	612	y		y	Giunta, 2008	n	n	y (Szántó)		edited from a ms. photographed by Tucci			https://drive.google.com/file/d/1SdXvwlKHWXoySlhgWwetejbj6i5n7JSx/view?usp=share_link	yes
yes				Sumukhā	kriyā	614/915	y		y	Bongard-Levin et al. 1967; Bongard-Levin 1980; Bongard-Levin 1984; Bongard-Levin & Vorobyeva-Desyatovskaya 1986; Emmerick 1986; Bailey 1951	y	n	y (Szántó)		the dhāraṇīs are from the Khotanese-Saka text	https://drive.google.com/file/d/1wwsMTtZ-ji-weXkrcKTq0C2Ibo452RFf/view?usp=share_link https://drive.google.com/file/d/1t5o2g63pTorbAzr4U7xX9AwrS7DOmcdO/view?usp=share_link https://drive.google.com/file/d/1lA5Oa_1bqdP37vDcQzr53uR8lVtJZjQv/view?usp=share_link https://drive.google.com/file/d/1z2YMe6aEfhM2Q3h3ZM2BGniTpJq68E_I/view?usp=share_link https://drive.google.com/file/d/1zt5ECzkbpSo3OkJ77NVeFguhH_69lM9y/view?usp=share_link		https://drive.google.com/file/d/1-cY0IykhXTh9NoQE8zT2WhM-cFumOPC2/view?usp=share_link	yes
yes				Amoghapāśahṛdaya	kriyā	682	y		y	Meisezahl, 1962; Dhīḥ 38, 2004	y	n	yes (Szántó) of Dhīḥ ed.		pdf url = Dhīḥ ed.; pdf url #2 = Meisezahl's ed.; pdf url #3 a further article by Meisezahl based on a rare Japanese ms.	https://drive.google.com/file/d/1sT_F3HaLkAXOEjd0S5kMBWbFmdJoxbMO/view?usp=share_link		https://drive.google.com/file/d/1AarMtBKByJyiYBOanxDQHqwez0Wudd6D/view?usp=share_link	https://drive.google.com/file/d/1xWoLWdm4Kv0Lcp7OemaeTL_sG0HltVcv/view?usp=share_link	yes		https://drive.google.com/file/d/1zPqQkp1Ti2HL5ap7fxbjj2EaF1v08YnY/view?usp=share_link
no	PDSz			Nārāyaṇaparipṛcchā	kriyā	684	y		y	Banerjee, 1941	y	n	y (DSBC)		incomplete; not to be confused with the sūtra cited in Śāntideva's Śikṣāsamuccaya	https://drive.google.com/file/d/136uCruhc9XRuRUN6T_CHkamTitPJZh2u/view?usp=sharing		https://drive.google.com/file/d/1JJ4fSKjZ1OwoaanYJdBnqJp3_sFxFoDx/view?usp=share_link
yes	PDSz			Amoghapāśakalparāja	kriyā	686	y		y	published in installments (7+4 so far) by Mikkyō Seiten Kenkyūkai	y	n	y (Szántó - Tongori)				https://drive.google.com/drive/folders/1_iHKHiSaiaKWEWXvGcrCIrytI1cy-mi2?usp=share_link		https://drive.google.com/file/d/1fgy40_eLAmR7jLabpJVYpNhdoWKDYS8e/view?usp=share_link	yes
yes				Amoghapāśakalparāja	kriyā	686	y		y	now published as editions, Mikkyō Seiten Kenkyūkai 2015, 2016, 2017, 2025	y	n	y (Szántó)				https://drive.google.com/drive/folders/1_iHKHiSaiaKWEWXvGcrCIrytI1cy-mi2?usp=share_link		https://drive.google.com/file/d/1BlunYDfRoMfvAekxFlfGXT3WtQHxrbA4/view?usp=share_link	yes
yes	PDSz			Bhūtaḍāmaratantra	kriyā	747	y	Y	complete	numerous Kathmandu National Archives, Royal Asiatic Society; 84000	y	n	y (Szántó)	no	Multiple copies of bhūtaḍāmaratantra listed in narchives.gov.np, but none available online.	https://drive.google.com/file/d/1mSIDUI8ckZIM7QXee9f61RlNKUl8CqxG/view?usp=share_link		https://drive.google.com/file/d/10515yvbfcWzoJjw5ocOWEPWlXzGnz4Jr/view?usp=share_link	yes
yes	PDSz			Uṣṇīṣavijayādhāraṇī	kriyā	~594	y		complete	Yuyama, 2000	y	n	y 		There are several recensions of this text.	https://drive.google.com/file/d/1lZuQncGDaMpUMBvnN8SKt93MtEzIVUfK/view?usp=share_link		https://drive.google.com/file/d/1X1-MJ3-kX-Qn_0ruvfYoxbPN4w2VZdPz/view?usp=sharing	yes
no	M			Hevajratantra	anuttara mother	417-418	y	Y	complete	Snellgrove, 1959	y	y		No	Sanskrit and Tibetan. New ocr Feb 2025	https://drive.google.com/file/d/1kaN8oAHc_So8pZy4_bolC-9Qybyb61A_/view?usp=sharing	GDrive link		https://drive.google.com/file/d/1QCUgid8t6ghvGtgSRM182IHd2IxtULQF/view?usp=share_link
no	N			Hevajratantra	anuttara mother	417-418		N	complete	Title: Hevajratantra Source: prelim. ed. typeset for Chetshang's pothi ed.	na	na	yes - unknown	No			https://docs.google.com/document/d/14-oyuVJrfzPgVM1FGdzcEVJeEvxZRY7MLj92k4WAiwo/edit?tab=t.0
yes	yes			Hevajratantra	anuttara mother	417-418		N			na	na	yes - Szántó		The e-text is from the "for Chetshang's pothi" prepared by Isaacson (not proofread)			GDrive link	yes
no				Hevajratantra	anuttara mother	417-418	n		complete	Conlon, 2023 (dissertation)	y	n	n		This, for the time being, is the best edition we have. The text is together with Kamalanātha's commentary, called Ratnāvalī Hevajrapañjikā. I cannot remember whether this is the final, submitted version; this should be checked.	https://drive.google.com/file/d/1axKJuxfr8SsAIiImJy4zN3Kzgge77ytc/view?usp=share_link	GDrive link
no	ok			Guhyasamājatantra	anuttara father	442-443	y		complete	Nagarjuna Institute of Buddhist Studies, 2017	y		yes - DSBC	K12n2967u including alignment					https://drive.google.com/file/d/1LYFkAWZ3Vr0y5KTEckUarSp6998KYKOs/view?usp=sharing
no	?			Guhyasamājatantra	anuttara father	442-443	y	N	complete	Matsunaga, 1978	y	n	yes - Szántó 				https://drive.google.com/file/d/1DNPAv9IWY-mPyqwml04P1qP8Xs7ZIQUF/view?usp=sharing		https://drive.google.com/file/d/1WeEi1WkdRwUigZ78MJwxH3WoMOwhFGO-/view?usp=share_link	no, locate source (Tanemura?) first
no	?			Guhyasamājatantra	anuttara father	442-443	y	Y	complete	Bhattacharya, 1931	Y	y	yes- Hackett				https://drive.google.com/file/d/1CYLodQQofFPtXdLentOs0FlWjS39nZR4/view?usp=sharing	GDrive link
yes				Adhyardhaśatikā Prajñāpāramitā	yoga	489 [=17]	y		(nearly) complete	Tomabechi, 2009	y	n	yes 		best and most complete edition	https://drive.google.com/file/d/1Mu_X_d9UhAFiq-6s_oeZOzdj6Nv7bsnS/view?usp=share_link		https://drive.google.com/file/d/1VqysbujqI04570kQAXHpLBbAzFL74glX/view?usp=share_link	yes
yes				Adhyardhaśatikā Prajñāpāramitā	yoga	489 [=17]	y		incomplete	Izumi & Toganoo, 1930	y	n	yes (Szántó)		based on Leumann	https://drive.google.com/file/d/1rnDil5k5sPPjlxNCoWT_rJgK4aoeN/view?usp=share_link		https://drive.google.com/file/d/11f9EP6P-x-jHr8pi7qimSL-bSEso-JiO/view?usp=share_link	yes
yes				Adhyardhaśatikā Prajñāpāramitā	yoga	489 [=17]	y		incomplete	Leumann, 1912	y	n	yes (Szántó; based on Izumi & Toganoo, see above)		from Sanskrit-Khotanese bilingual ms.	https://drive.google.com/file/d/1biiXKF63efoxgSvOSj465killTFV4NZJ/view?usp=share_link			yes
no				Mahāmaṇivipulavimānaviśvasupratiṣṭhitaguhyaparamarahasyakalparājadhāraṇī	kriyā	506 [=885]	y		partial	Matsumura, 1983	n	n	yes (GRETIL, Wille)					https://drive.google.com/file/d/1uVwXzP_Je_g4LjcVwcFdBKY4wyuh6bC1/view?usp=share_link
yes				Puṣpakūṭanāmadhāraṇī	kriyā	516 [=886]	y		testimonia	Hidas & Szántó 84000	y	n	yes (Szántó)		all available testimonia gathered in the notes to the Tibetan translation	https://drive.google.com/file/d/1sxbdryGkhScbhvlwnbpKFAEQyQQOxvFJ/view?usp=share_link		https://drive.google.com/file/d/1JRS9hWqWUO7xiQPp2pZ-5zchXvYJN6Kv/view?usp=share_link	yes
yes				Mahādhāraṇī	kriyā	529 [=888]	n		n	Hidas & Szántó draft	n	n	yes (Szántó)					https://drive.google.com/file/d/1mIfnHQqo_Cfc3fubY4FAnITAvOjvMimD/view?usp=share_link	yes
yes				Surūpādhāraṇī	kriyā	540 [=1078]	y		y	Hidas & Szántó 84000	y	n	yes (Szántó)				https://drive.google.com/file/d/1ow_KpUyL63LZjNh5yuPDhPYkP3IdrZo7/view?usp=share_link		https://drive.google.com/file/d/1ZLrBPmVPtYcMPRh1LPePu1UVn4QXxgS-/view?usp=share_link	yes
no				Kauśikaprajñāpāramitāsūtra	kriyā	554 [=19]	y		y	Vaidya, 1961	n	n	yes (DSBC)					https://drive.google.com/file/d/1WTHFORuvPphUyaIEZXNRKV2kKmmsTuvR/view?usp=share_link
no				Mahāsāhasrapramardanī	kriyā	558 [=1059]	y		y	Iwamoto, 1937	n	n	yes (GRETIL, Wille)		Later made part of the Pañcarakṣā.			https://drive.google.com/file/d/1sfE7S2RssKWfi7S4BFwU1rlpuyv2X9T7/view?usp=share_link
yes	PDSz			Mahādaṇḍadhāraṇīśītavatī	kriyā	606 [=958]	y		y	Hidas, 2017	y	n	y (Szántó)				https://drive.google.com/file/d/1vYANHAZzUIqygOxTEmb6moi6lMMl4mMW/view?usp=share_link		https://drive.google.com/file/d/1UI_NZ_eG_6otm4WKx26jLMuSOWuFDcVt/view?usp=share_link	yes
yes	PDSz			Mahāsamājasūtra	kriyā	653 [=1062]	y		y	Waldschmidt, 1980	y	n	y (Szántó)		this is the Central Asian version, the Tibetan transmits a more extended form (which seems to survive in the so-called Dīrghāgama collection; unpublished)	Waldschmidt_1980_Mahāsamāja-reved.pdf		https://drive.google.com/file/d/1UzoZHJcbrnHeqMKee_JR-WwGt3Zewd1G/view?usp=share_link	yes
no				Āṭānāṭīyasūtra	kriyā	656 [=1061]	y		partial	Sander, 2007	y	n	n		Only partial edition of two versions (Gilgit and Central Asian). Complete(-ish) edition forthcoming	https://drive.google.com/file/d/1_FrKVrNX5bQJAQ7a8CtZXA72hansCw8B/view?usp=share_link	GDrive link
no	PDSz			Meghasūtra	kriyā	657 [=1061]	y		parts	Royal Asiatic Society, London Ms Hodgson 64	y		y (Sanderson's input of the ms.)				https://drive.google.com/drive/folders/1s8ll-WnychIBW0vuQHXVSsobndrzDt2r?usp=share_link		https://drive.google.com/file/d/1sPf6DvgYpPZbt48uSot4FB9lKF9KmslZ/view?usp=share_link	yes, but perhaps ask Alexis first
no				Grahamātṛkādhāraṇī	kriyā	660 [=997], 661 [=998]	y		y	Dhīḥ 39, 2005	y	n	yes (GRETIL, Wille)				https://drive.google.com/file/d/1kiji9eaaHraCvbG62c2f-0keFd0yt85b/view?usp=share_link		https://drive.google.com/file/d/1JtOQWFC7FOlJyhRBRO6aHFoPrFxdSchA/view?usp=share_link
yes	PDSz			Vasudhārādhāraṇī	kriyā	662 [=1007]	y		y	several times of several versions		yes (Szántó)		There are several recensions of the text, including one used among Jains (Jaini 1968)	https://drive.google.com/drive/folders/1K81YFWojBIANKrrlCt-lR_D6Fs00qdJY?usp=share_link		https://drive.google.com/file/d/1tiYaIl4MF5D5Fc-gzP8fOtm4WKx26jLg/view?usp=share_link	yes
no	PDSz			Nīlakaṇṭhadhāraṇī	kriyā	697 [=905]	y		y	several times of several versions	n	n	y		provenance of e-text unknown at this time			https://drive.google.com/file/d/11F5pEMlMuvPl4so_-vTyBcHfY6bL1MfG/view?usp=share_link	no, locate source first
yes	PDSz			Nīlakaṇṭhadhāraṇī	kriyā	697 [=905]	y		incomplete	La Vallée Poussin & Gauthiot 1912	y	n	y (Szántó)		from a bilingual Sanskrit-Sogdian fragment from Dunhuang	https://drive.google.com/file/d/1uhuu7ShJi3Vk3c9ksqu73EWN8WYXLXHO/view?usp=share_link		https://drive.google.com/file/d/1Rn7SdCcIdeKIsyOLDcwpaFJ399eo4UR0/view?usp=share_link	yes
yes				Sahasrāvartādhāraṇī	kriyā	710 [=930]	n		n	Hidas & Szántó 84000 forthcoming	n	n	yes (Hidas & Szántó)					https://drive.google.com/file/d/1gYLoL9Cbb8mqnRo8-t6qO7xHnUXVxZw8/view?usp=share_link	yes
yes				Mahāśrīnāmadvādaśaka	kriyā	741 [=1006]	y		y	Hidas, 2021	n	n	yes (Hidas & Szántó)					https://drive.google.com/file/d/1Sv0HXHsErp9kmts6XRGY1RxtGKWJd-9E/view?usp=share_link	yes
yes				Sarvakarmāvaraṇaviśodhanīdhāraṇī	kriyā	743 [=1009]	y		y	Hidas & Szántó 84000	y	n	yes (Hidas & Szántó)				https://drive.google.com/file/d/1nb6hobagnaEHWd3cqE3AmJsKSsepfV8k/view?usp=share_link		https://drive.google.com/file/d/12XabhzQpg-tX2mjET2ZrWfuL7t3FP5Oz/view?usp=share_link	yes
yes	PDSz			Vajravidāraṇādhāraṇī	kriyā	750 [=949]	y			Dhīḥ 40	n	n	y (Szántó)					https://drive.google.com/file/d/1UI_NZ_eG_6otm4WKx26jLMuSOWuFDcVt/view?usp=share_link	yes
yes	PDSz			Vajratuṇḍanāgasamaya	kriyā	759 [=964]	y		complete	Hidas, 2019	y		y (Hidas - Szántó)				https://drive.google.com/file/d/1yaiLGIuYCuWNId8wPSEv_5OOk6djXR1c/view?usp=share_link		https://docs.google.com/document/d/1j6d6-hhXOfN-NKTGPhlqANKp7eNEH9wB/edit?usp=share_link&ouid=115725942636509026116&rtpof=true&sd=true	yes
yes				Māṇibhadradhāraṇī	kriyā	764 [=970]	y		y	Hidas, 2021; Hidas & Szántó 84000 forthcoming	n	n	yes (Hidas & Szántó)		slightly updated from Hidas' 2021 edition (no. 73 in Cambridge University Library Ms. Add. 1326, p. 146)			https://drive.google.com/file/d/13hfQW6qlA3IWJ404C_UDt_sMjfot98J9/view?usp=share_link	yes
no	PDSz			Mekhalādhāraṇī	kriyā	772 [=907]	y		fragment	Tripathi 1981	y	n	y (gretil)				https://drive.google.com/file/d/1Nbjg3yhDvls-livQNPLbVyzD-XXN/view?usp=share_link		https://drive.google.com/file/d/1OYC71jwxEb_dBCCEWuVa481bdD_c3PWb/view?usp=share_link
yes	PDSz			Bhagavatīsvedāmbujā	kriyā (parts anuttara)	Ø	n	Y	complete	Kathmandu National Archives NAK 3-359 = NGMPP A 47/16	n	n	y (Szántó; diplomatic transcript)	no	input by Szántó from the ms. NGMPP A 47/16 = NAK 3-359			https://drive.google.com/file/d/1IFXy2GGJ5GxpWDR2DqzMdcQgvrR5OXdx/view?usp=share_link	yes		https://drive.google.com/drive/folders/1jluFuTSizMzS4QodJNsKrPZrAzYzbx1d?usp=share_link
yes				Caṇḍamahāroṣaṇatantra (spurious version with additional chs. 26-32)	anuttara mother-father mixed	Ø	n	n		ms.	n	n	yes (Szántó input from ms. NGMPP A 136/5)		the only ms. thus far to have additional chapters 26-32. However, there is almost nothing new here inasmuch as Ch. 26 = Raktayamāritantra = Kṛṣṇayamāritantra 8 (the homa section also in a Kurukullāsādhana); Ch. 27 = Kṛṣṇayamāritantra 9; Ch. 28 = Kṛṣṇayamāritantra 10 & series of mantras; Ch. 29 = Kṛṣṇayamāritantra 11; Ch. 30 = Kṛṣṇayamāritantra 12; Ch. 31 = Kṛṣṇayamāritantra 13; Ch. 32 = Kṛṣṇayamāritantra 14.			https://drive.google.com/file/d/1p-CvivBpVza4PGNG7XAO1AOqBrlB2NyR/view?usp=share_link	yes
no				Hayagrīvavidyā	kriyā	Ø	y		incomplete	Gilgit ms		y - gretil					https://drive.google.com/file/d/17VirPZ4XU8WtAvoX8xLkymM5KN5altZB/view?usp=share_link
no	PDSz			Jñānodayatantra	anuttara mother (Nepalese compilation)	Ø	y	Y	complete	Rinpoche Dwivedī, 1988	y	n	yes (received from Rawlins some time ago [Szanto])	no	Hardcopy available in Stanford Library; a late Nepalese compilation, parts of it are identical to an unidentified Cakrasamvarasādhana (NAK 1-1697 11/7 = NGMPP A 994/7) very likely by a student of Ratnākaraśānti, the most likely source	https://drive.google.com/file/d/1y2teOzsv5FIbJHaD0LMra5gWGl92VbbO/view?usp=share_link		https://drive.google.com/file/d/1vZDqo2FK9AVBivB3WXnXVfkDAM1Ji2XU/view?usp=share_link
yes	PDSz			*Manasvināgarājasūtra	kriyā	Ø	y		y	Strauch, 2014	y	n	y (Szántó)		the earliest known rakṣā text	https://drive.google.com/file/d/12VbrC6n4ri0pzHhV3MoECpSJfPgqhXIM/view?usp=share_link		https://drive.google.com/file/d/1WdX8v5z1KgPdctnxgtvZyN8nLCf_5yVd/view?usp=share_link	yes
no	PDSz			Qizil Yoga Text	kriyā (?)	Ø	y		all hitherto known fragments	Schlingloff 1964 (further fragments Yamabe, 1997; Hartmann, 1996; all united in 2006 reprint-pdf here)	y	n	y (gretil)			schlingloff_hartmann-röllicke.Ein Buddhistisches Yogalehrbuch2006.pdf		https://drive.google.com/file/d/1SVKXS1eIh7_YqgIc7auh84l_gwUX4ORU/view?usp=share_link
yes	PDSz			Yogāmbaratantra	anuttara mother	Ø	n	Y	complete	not edited	n	n	yes (Szántó)		From Ms IASWR MBB-II-120			https://drive.google.com/file/d/1cb7mb77cyjX4reZAgijkwHj2L44TUWPf/view?usp=share_link	yes
yes				Yoginījālamahātantra	anuttara mother	Ø	n	n	n	draft ed. by Szántó of one chapter	n	n	y (Szántó; only a chapter)		Very likely a Nepalese compilation; my source here was Nagoya Buddhist Library, Takaoka DH 377			https://drive.google.com/file/d/1488OYnBQBoO23LySNiJqhro-Fble9oDZ/view?usp=share_link	yes
no				Śrīherukādyavajravārāhīparamarahasyatantra	anuttara mother	Ø	y	n	complete	Dhīḥ 27, 1999	y	y	n				https://drive.google.com/file/d/1hghrDrFsNu_tc3tAGmy18GY_0UhCfkI7/view?usp=share_link	GDrive link
yes				Ekajaṭākalpa	kriyā	Ø [not 476?]	n		n	Kaiser Library 742 = NGMPP C 73/6	n	n	yes (Szántó; transcript of the manuscript)		The subject of Péter Tongori's MA thesis in Hamburg, forthcoming since 2014... so anyway, an edition will be published soon			https://drive.google.com/file/d/1cKKf532zpvqAlND4n4Hew0hfMRAR7u-5/view?usp=share_link	yes
